{"train_loss": [0.6927023075875782, 0.6824725270271301, 0.6427067177636283, 0.6116835049220494], "train_acc": [0.5789473684210527, 0.9504643962848297, 0.9752321981424149, 0.9969040247678018], "val_loss": [0.690506507953008, 0.658487856388092, 0.6088340183099111, 0.5950932701428732], "val_acc": [0.9629629629629629, 0.9876543209876543, 1.0, 1.0]}